CREATE TABLE `actuators` (
  `id` int(20) unsigned NOT NULL auto_increment,
  `net_id` int(20) unsigned default NULL,
  `actuator` varchar(32) default NULL,
  PRIMARY KEY  (`id`)
) TYPE=MyISAM;

INSERT INTO `actuators` (`id`, `net_id`, `actuator`) VALUES
	('1','8','Buzz'),
	('2','8','LedB'),
	('3','8','LedR'),
	('4','8','LedG');

CREATE TABLE `descriptions` (
  `parameter` varchar(32) NOT NULL default '',
  `description` varchar(64) NOT NULL default '',
  PRIMARY KEY  (`parameter`)
) TYPE=MyISAM;

INSERT INTO `descriptions` (`parameter`, `description`) VALUES
	('Temp','Temperature'),
	('Lux','Light Intensity'),
	('MagX','Magnetism X-axis'),
	('MagY','Magnetism Y-axis'),
	('AceX','Acceleration X-axis'),
	('AceY','Acceleration Y-axis'),
	('Mic','Microphone'),
	('Volt','Battery Voltage'),
	('Buzz','Buzzer'),
	('LedB','Blue Led'),
	('LedG','Green Led'),
	('LedY','Yellow Led'),
	('LedR','Red Led'),
	('Hum','Humidity'),
	('TmIn','Internal Temperature'),
	('Bar','Barometric Pressure');

CREATE TABLE `events` (
  `id` int(20) unsigned NOT NULL auto_increment,
  `net_id` int(20) unsigned default NULL,
  `added` datetime default NULL,
  `name` varchar(32) default NULL,
  `criteria` text,
  `detected` int(1) default '0',
  `node_id` int(20) unsigned default NULL,
  `date_time` datetime default NULL,
  PRIMARY KEY  (`id`)
) TYPE=MyISAM;

CREATE TABLE `history` (
  `id` int(20) unsigned NOT NULL auto_increment,
  `net_id` int(20) unsigned default NULL,
  `node_id` int(20) unsigned default NULL,
  `date_time` datetime default NULL,
  `parameter` varchar(32) default NULL,
  `value` varchar(32) default NULL,
  PRIMARY KEY  (`id`)
) TYPE=MyISAM;

INSERT INTO `history` (`id`, `net_id`, `node_id`, `date_time`, `parameter`, `value`) VALUES
	('269993','8','2756','2007-09-02 12:18:43','Volt','2.9961'),
	('269994','8','2756','2007-09-02 12:18:43','Hum','19.1'),
	('269995','8','2756','2007-09-02 12:18:43','TmIn','52.87'),
	('269996','8','2756','2007-09-02 12:18:43','Temp','52.439'),
	('269997','8','2756','2007-09-02 12:18:43','Bar','963.48'),
	('269998','8','2756','2007-09-02 12:18:43','Lux','80.752'),
	('269999','8','2756','2007-09-02 12:18:43','AceX','1.1'),
	('270000','8','2756','2007-09-02 12:18:43','AceY','1.54'),
	('270001','8','2776','2007-09-02 12:20:24','Volt','3.0177'),
	('270002','8','2776','2007-09-02 12:20:24','Hum','22.7'),
	('270003','8','2776','2007-09-02 12:20:24','TmIn','48.44'),
	('270004','8','2776','2007-09-02 12:20:24','Temp','47.721'),
	('270005','8','2776','2007-09-02 12:20:24','Bar','960.08'),
	('270006','8','2776','2007-09-02 12:20:24','Lux','80.752'),
	('270007','8','2776','2007-09-02 12:20:24','AceX','1.3'),
	('270008','8','2776','2007-09-02 12:20:24','AceY','2.22'),
	('270009','8','2932','2007-09-02 12:21:05','Volt','3.062'),
	('270010','8','2932','2007-09-02 12:21:05','Hum','19.7'),
	('270011','8','2932','2007-09-02 12:21:05','TmIn','51.41'),
	('270012','8','2932','2007-09-02 12:21:05','Temp','50.853'),
	('270013','8','2932','2007-09-02 12:21:05','Bar','957.73'),
	('270014','8','2932','2007-09-02 12:21:05','Lux','1847.1'),
	('270015','8','2932','2007-09-02 12:21:05','AceX','1.02'),
	('270016','8','2932','2007-09-02 12:21:05','AceY','2.32'),
	('270017','8','2970','2007-09-02 12:21:23','Volt','2.9329'),
	('270018','8','2970','2007-09-02 12:21:23','Hum','22'),
	('270019','8','2970','2007-09-02 12:21:23','TmIn','47.48'),
	('270020','8','2970','2007-09-02 12:21:23','Temp','47.019'),
	('270021','8','2970','2007-09-02 12:21:23','Bar','964.74'),
	('270022','8','2970','2007-09-02 12:21:23','Lux','1847.1'),
	('270023','8','2970','2007-09-02 12:21:23','AceX','1.56'),
	('270024','8','2970','2007-09-02 12:21:23','AceY','1.82'),
	('270025','8','2756','2007-09-02 12:22:09','Volt','2.9961'),
	('270026','8','2756','2007-09-02 12:22:09','Hum','18.7'),
	('270027','8','2756','2007-09-02 12:22:09','TmIn','53.63'),
	('270028','8','2756','2007-09-02 12:22:09','Temp','53.259'),
	('270029','8','2756','2007-09-02 12:22:09','Bar','963.23'),
	('270030','8','2756','2007-09-02 12:22:09','Lux','80.752'),
	('270031','8','2756','2007-09-02 12:22:09','AceX','1.08'),
	('270032','8','2756','2007-09-02 12:22:09','AceY','1.54'),
	('270033','8','2776','2007-09-02 12:23:51','Volt','3.0177'),
	('270034','8','2776','2007-09-02 12:23:51','Hum','21.6'),
	('270035','8','2776','2007-09-02 12:23:51','TmIn','49.27'),
	('270036','8','2776','2007-09-02 12:23:51','Temp','48.559'),
	('270037','8','2776','2007-09-02 12:23:51','Bar','959.77'),
	('270038','8','2776','2007-09-02 12:23:51','Lux','80.752'),
	('270039','8','2776','2007-09-02 12:23:51','AceX','1.3'),
	('270040','8','2776','2007-09-02 12:23:51','AceY','2.22'),
	('270041','8','2932','2007-09-02 12:24:21','Volt','3.062'),
	('270042','8','2932','2007-09-02 12:24:21','Hum','18.7'),
	('270043','8','2932','2007-09-02 12:24:21','TmIn','52.03'),
	('270044','8','2932','2007-09-02 12:24:21','Temp','51.588'),
	('270045','8','2932','2007-09-02 12:24:21','Bar','956.86'),
	('270046','8','2932','2007-09-02 12:24:21','Lux','1847.1'),
	('270047','8','2932','2007-09-02 12:24:21','AceX','1'),
	('270048','8','2932','2007-09-02 12:24:21','AceY','2.34'),
	('270049','8','2970','2007-09-02 12:24:44','Volt','2.9329'),
	('270050','8','2970','2007-09-02 12:24:44','Hum','21.3'),
	('270051','8','2970','2007-09-02 12:24:44','TmIn','47.9'),
	('270052','8','2970','2007-09-02 12:24:44','Temp','47.363'),
	('270053','8','2970','2007-09-02 12:24:44','Bar','964.59'),
	('270054','8','2970','2007-09-02 12:24:44','Lux','1847.1'),
	('270055','8','2970','2007-09-02 12:24:44','AceX','1.56'),
	('270056','8','2970','2007-09-02 12:24:44','AceY','1.84'),
	('270057','8','2756','2007-09-02 12:25:34','Volt','2.9961'),
	('270058','8','2756','2007-09-02 12:25:34','Hum','17.8'),
	('270059','8','2756','2007-09-02 12:25:34','TmIn','54.39'),
	('270060','8','2756','2007-09-02 12:25:34','Temp','53.94'),
	('270061','8','2756','2007-09-02 12:25:34','Bar','963.52'),
	('270062','8','2756','2007-09-02 12:25:34','Lux','80.752'),
	('270063','8','2756','2007-09-02 12:25:34','AceX','1.08'),
	('270064','8','2756','2007-09-02 12:25:34','AceY','1.56'),
	('270065','8','2776','2007-09-02 12:27:21','Volt','3.0177'),
	('270066','8','2776','2007-09-02 12:27:21','Hum','21.4'),
	('270067','8','2776','2007-09-02 12:27:21','TmIn','49.56'),
	('270068','8','2776','2007-09-02 12:27:21','Temp','48.938'),
	('270069','8','2776','2007-09-02 12:27:21','Bar','959.6'),
	('270070','8','2776','2007-09-02 12:27:21','Lux','80.752'),
	('270071','8','2776','2007-09-02 12:27:21','AceX','1.28'),
	('270072','8','2776','2007-09-02 12:27:21','AceY','2.2'),
	('270073','8','2932','2007-09-02 12:27:37','Volt','3.062'),
	('270074','8','2932','2007-09-02 12:27:37','Hum','18.7'),
	('270075','8','2932','2007-09-02 12:27:37','TmIn','52.11'),
	('270076','8','2932','2007-09-02 12:27:37','Temp','51.729'),
	('270077','8','2932','2007-09-02 12:27:37','Bar','956.35'),
	('270078','8','2932','2007-09-02 12:27:37','Lux','1847.1'),
	('270079','8','2932','2007-09-02 12:27:37','AceX','1'),
	('270080','8','2932','2007-09-02 12:27:37','AceY','2.32'),
	('270081','8','2970','2007-09-02 12:28:04','Volt','2.9329'),
	('270082','8','2970','2007-09-02 12:28:04','Hum','21.1'),
	('270083','8','2970','2007-09-02 12:28:04','TmIn','48.05'),
	('270084','8','2970','2007-09-02 12:28:04','Temp','47.642'),
	('270085','8','2970','2007-09-02 12:28:04','Bar','964.06'),
	('270086','8','2970','2007-09-02 12:28:04','Lux','1847.1'),
	('270087','8','2970','2007-09-02 12:28:04','AceX','1.56'),
	('270088','8','2970','2007-09-02 12:28:04','AceY','1.82'),
	('270089','8','2756','2007-09-02 12:29:01','Volt','2.9961'),
	('270090','8','2756','2007-09-02 12:29:01','Hum','17.9'),
	('270091','8','2756','2007-09-02 12:29:01','TmIn','53.95'),
	('270092','8','2756','2007-09-02 12:29:01','Temp','53.735'),
	('270093','8','2756','2007-09-02 12:29:01','Bar','962.39'),
	('270094','8','2756','2007-09-02 12:29:01','Lux','80.752'),
	('270095','8','2756','2007-09-02 12:29:01','AceX','1.1'),
	('270096','8','2756','2007-09-02 12:29:01','AceY','1.56'),
	('270097','8','2776','2007-09-02 12:30:48','Volt','3.0177'),
	('270098','8','2776','2007-09-02 12:30:48','Hum','22.4'),
	('270099','8','2776','2007-09-02 12:30:48','TmIn','48.06'),
	('270100','8','2776','2007-09-02 12:30:48','Temp','47.394'),
	('270101','8','2776','2007-09-02 12:30:48','Bar','959.92'),
	('270102','8','2776','2007-09-02 12:30:48','Lux','80.752'),
	('270103','8','2776','2007-09-02 12:30:48','AceX','1.3'),
	('270104','8','2776','2007-09-02 12:30:48','AceY','2.22'),
	('270105','8','2932','2007-09-02 12:30:53','Volt','3.062'),
	('270106','8','2932','2007-09-02 12:30:53','Hum','19.8'),
	('270107','8','2932','2007-09-02 12:30:53','TmIn','50.28'),
	('270108','8','2932','2007-09-02 12:30:53','Temp','49.873'),
	('270109','8','2932','2007-09-02 12:30:53','Bar','957.01'),
	('270110','8','2932','2007-09-02 12:30:53','Lux','1847.1'),
	('270111','8','2932','2007-09-02 12:30:53','AceX','1.02'),
	('270112','8','2932','2007-09-02 12:30:53','AceY','2.34'),
	('270113','8','2970','2007-09-02 12:31:25','Volt','2.9329'),
	('270114','8','2970','2007-09-02 12:31:25','Hum','22.8'),
	('270115','8','2970','2007-09-02 12:31:25','TmIn','46.24'),
	('270116','8','2970','2007-09-02 12:31:25','Temp','45.576'),
	('270117','8','2970','2007-09-02 12:31:25','Bar','964.61'),
	('270118','8','2970','2007-09-02 12:31:25','Lux','1847.1'),
	('270119','8','2970','2007-09-02 12:31:25','AceX','1.58'),
	('270120','8','2970','2007-09-02 12:31:25','AceY','1.84'),
	('270121','8','2756','2007-09-02 12:32:26','Volt','2.9961'),
	('270122','8','2756','2007-09-02 12:32:26','Hum','18.4'),
	('270123','8','2756','2007-09-02 12:32:26','TmIn','53.02'),
	('270124','8','2756','2007-09-02 12:32:26','Temp','52.6'),
	('270125','8','2756','2007-09-02 12:32:26','Bar','963.24'),
	('270126','8','2756','2007-09-02 12:32:26','Lux','80.752'),
	('270127','8','2756','2007-09-02 12:32:26','AceX','1.1'),
	('270128','8','2756','2007-09-02 12:32:26','AceY','1.54'),
	('270129','8','2932','2007-09-02 12:34:08','Volt','3.062'),
	('270130','8','2932','2007-09-02 12:34:08','Hum','20.5'),
	('270131','8','2932','2007-09-02 12:34:08','TmIn','50.24'),
	('270132','8','2932','2007-09-02 12:34:08','Temp','49.613'),
	('270133','8','2932','2007-09-02 12:34:08','Bar','957.47'),
	('270134','8','2932','2007-09-02 12:34:08','Lux','1847.1'),
	('270135','8','2932','2007-09-02 12:34:08','AceX','1'),
	('270136','8','2932','2007-09-02 12:34:08','AceY','2.34'),
	('270137','8','2776','2007-09-02 12:34:17','Volt','3.025'),
	('270138','8','2776','2007-09-02 12:34:17','Hum','23'),
	('270139','8','2776','2007-09-02 12:34:17','TmIn','47.95'),
	('270140','8','2776','2007-09-02 12:34:17','Temp','47.142'),
	('270141','8','2776','2007-09-02 12:34:17','Bar','960.06'),
	('270142','8','2776','2007-09-02 12:34:17','Lux','80.752'),
	('270143','8','2776','2007-09-02 12:34:17','AceX','1.3'),
	('270144','8','2776','2007-09-02 12:34:17','AceY','2.26'),
	('270145','8','2970','2007-09-02 12:34:46','Volt','2.9329'),
	('270146','8','2970','2007-09-02 12:34:46','Hum','22.3'),
	('270147','8','2970','2007-09-02 12:34:46','TmIn','46.75'),
	('270148','8','2970','2007-09-02 12:34:46','Temp','46.162'),
	('270149','8','2970','2007-09-02 12:34:46','Bar','964.71'),
	('270150','8','2970','2007-09-02 12:34:46','Lux','1847.1'),
	('270151','8','2970','2007-09-02 12:34:46','AceX','1.56'),
	('270152','8','2970','2007-09-02 12:34:46','AceY','1.82'),
	('270153','8','2756','2007-09-02 12:35:51','Volt','2.9961'),
	('270154','8','2756','2007-09-02 12:35:51','Hum','18.4'),
	('270155','8','2756','2007-09-02 12:35:51','TmIn','53.52'),
	('270156','8','2756','2007-09-02 12:35:51','Temp','53.157'),
	('270157','8','2756','2007-09-02 12:35:51','Bar','962.99'),
	('270158','8','2756','2007-09-02 12:35:51','Lux','80.752'),
	('270159','8','2756','2007-09-02 12:35:51','AceX','1.1'),
	('270160','8','2756','2007-09-02 12:35:51','AceY','1.56'),
	('270161','8','2932','2007-09-02 12:37:25','Volt','3.062'),
	('270162','8','2932','2007-09-02 12:37:25','Hum','19.8'),
	('270163','8','2932','2007-09-02 12:37:25','TmIn','51.12'),
	('270164','8','2932','2007-09-02 12:37:25','Temp','50.511'),
	('270165','8','2932','2007-09-02 12:37:25','Bar','957.4'),
	('270166','8','2932','2007-09-02 12:37:25','Lux','1847.1'),
	('270167','8','2932','2007-09-02 12:37:25','AceX','1'),
	('270168','8','2932','2007-09-02 12:37:25','AceY','2.34'),
	('270169','8','2776','2007-09-02 12:37:46','Volt','3.025'),
	('270170','8','2776','2007-09-02 12:37:46','Hum','21.8'),
	('270171','8','2776','2007-09-02 12:37:46','TmIn','48.75'),
	('270172','8','2776','2007-09-02 12:37:46','Temp','48.025'),
	('270173','8','2776','2007-09-02 12:37:46','Bar','959.71'),
	('270174','8','2776','2007-09-02 12:37:46','Lux','80.752'),
	('270175','8','2776','2007-09-02 12:37:46','AceX','1.3'),
	('270176','8','2776','2007-09-02 12:37:46','AceY','2.22'),
	('270177','8','2970','2007-09-02 12:38:08','Volt','2.9329'),
	('270178','8','2970','2007-09-02 12:38:08','Hum','21.7'),
	('270179','8','2970','2007-09-02 12:38:08','TmIn','47.2'),
	('270180','8','2970','2007-09-02 12:38:08','Temp','46.616'),
	('270181','8','2970','2007-09-02 12:38:08','Bar','964.35'),
	('270182','8','2970','2007-09-02 12:38:08','Lux','1847.1'),
	('270183','8','2970','2007-09-02 12:38:08','AceX','1.56'),
	('270184','8','2970','2007-09-02 12:38:08','AceY','1.82'),
	('270185','8','2756','2007-09-02 12:39:18','Volt','2.9961'),
	('270186','8','2756','2007-09-02 12:39:18','Hum','17.6'),
	('270187','8','2756','2007-09-02 12:39:18','TmIn','54.21'),
	('270188','8','2756','2007-09-02 12:39:18','Temp','53.757'),
	('270189','8','2756','2007-09-02 12:39:18','Bar','963.73'),
	('270190','8','2756','2007-09-02 12:39:18','Lux','80.752'),
	('270191','8','2756','2007-09-02 12:39:18','AceX','1.08'),
	('270192','8','2756','2007-09-02 12:39:18','AceY','1.54'),
	('270193','8','2932','2007-09-02 12:40:41','Volt','3.062'),
	('270194','8','2932','2007-09-02 12:40:41','Hum','19'),
	('270195','8','2932','2007-09-02 12:40:41','TmIn','51.75'),
	('270196','8','2932','2007-09-02 12:40:41','Temp','51.328'),
	('270197','8','2932','2007-09-02 12:40:41','Bar','956.64'),
	('270198','8','2932','2007-09-02 12:40:41','Lux','1847.1'),
	('270199','8','2932','2007-09-02 12:40:41','AceX','1.02'),
	('270200','8','2932','2007-09-02 12:40:41','AceY','2.3'),
	('270201','8','2776','2007-09-02 12:41:13','Volt','3.025'),
	('270202','8','2776','2007-09-02 12:41:13','Hum','21.7'),
	('270203','8','2776','2007-09-02 12:41:13','TmIn','48.91'),
	('270204','8','2776','2007-09-02 12:41:13','Temp','48.218'),
	('270205','8','2776','2007-09-02 12:41:13','Bar','959.59'),
	('270206','8','2776','2007-09-02 12:41:13','Lux','80.752'),
	('270207','8','2776','2007-09-02 12:41:13','AceX','1.3'),
	('270208','8','2776','2007-09-02 12:41:13','AceY','2.24'),
	('270209','8','2970','2007-09-02 12:41:28','Volt','2.9329'),
	('270210','8','2970','2007-09-02 12:41:28','Hum','21.9'),
	('270211','8','2970','2007-09-02 12:41:28','TmIn','47.17'),
	('270212','8','2970','2007-09-02 12:41:28','Temp','46.448'),
	('270213','8','2970','2007-09-02 12:41:28','Bar','964.48'),
	('270214','8','2970','2007-09-02 12:41:28','Lux','1847.1'),
	('270215','8','2970','2007-09-02 12:41:28','AceX','1.56'),
	('270216','8','2970','2007-09-02 12:41:28','AceY','1.84'),
	('270217','8','2756','2007-09-02 12:42:44','Volt','2.9961'),
	('270218','8','2756','2007-09-02 12:42:44','Hum','17.9'),
	('270219','8','2756','2007-09-02 12:42:44','TmIn','54.35'),
	('270220','8','2756','2007-09-02 12:42:44','Temp','54.248'),
	('270221','8','2756','2007-09-02 12:42:44','Bar','961.97'),
	('270222','8','2756','2007-09-02 12:42:44','Lux','80.752'),
	('270223','8','2756','2007-09-02 12:42:44','AceX','1.1'),
	('270224','8','2756','2007-09-02 12:42:44','AceY','1.54'),
	('270225','8','2932','2007-09-02 12:43:57','Volt','3.062'),
	('270226','8','2932','2007-09-02 12:43:57','Hum','19.7'),
	('270227','8','2932','2007-09-02 12:43:57','TmIn','50.41'),
	('270228','8','2932','2007-09-02 12:43:57','Temp','50.214'),
	('270229','8','2932','2007-09-02 12:43:57','Bar','956.25'),
	('270230','8','2932','2007-09-02 12:43:57','Lux','1847.1'),
	('270231','8','2932','2007-09-02 12:43:57','AceX','1.02'),
	('270232','8','2932','2007-09-02 12:43:57','AceY','2.36'),
	('270233','8','2776','2007-09-02 12:44:41','Volt','3.025'),
	('270234','8','2776','2007-09-02 12:44:41','Hum','23.2'),
	('270235','8','2776','2007-09-02 12:44:41','TmIn','47.09'),
	('270236','8','2776','2007-09-02 12:44:41','Temp','46.496'),
	('270237','8','2776','2007-09-02 12:44:41','Bar','959.65'),
	('270238','8','2776','2007-09-02 12:44:41','Lux','80.752'),
	('270239','8','2776','2007-09-02 12:44:41','AceX','1.32'),
	('270240','8','2776','2007-09-02 12:44:41','AceY','2.24'),
	('270241','8','2970','2007-09-02 12:44:49','Volt','2.9329'),
	('270242','8','2970','2007-09-02 12:44:49','Hum','23.5'),
	('270243','8','2970','2007-09-02 12:44:49','TmIn','45.32'),
	('270244','8','2970','2007-09-02 12:44:49','Temp','44.924'),
	('270245','8','2970','2007-09-02 12:44:49','Bar','964.32'),
	('270246','8','2970','2007-09-02 12:44:49','Lux','1847.1'),
	('270247','8','2970','2007-09-02 12:44:49','AceX','1.6'),
	('270248','8','2970','2007-09-02 12:44:49','AceY','1.86'),
	('270249','8','2756','2007-09-02 12:46:09','Volt','2.9961'),
	('270250','8','2756','2007-09-02 12:46:09','Hum','18.6'),
	('270251','8','2756','2007-09-02 12:46:09','TmIn','51.64'),
	('270252','8','2756','2007-09-02 12:46:09','Temp','51.26'),
	('270253','8','2756','2007-09-02 12:46:09','Bar','962.3'),
	('270254','8','2756','2007-09-02 12:46:09','Lux','80.752'),
	('270255','8','2756','2007-09-02 12:46:09','AceX','1.1'),
	('270256','8','2756','2007-09-02 12:46:09','AceY','1.54'),
	('270257','8','2932','2007-09-02 12:47:13','Volt','3.062'),
	('270258','8','2932','2007-09-02 12:47:13','Hum','22.3'),
	('270259','8','2932','2007-09-02 12:47:13','TmIn','46.94'),
	('270260','8','2932','2007-09-02 12:47:13','Temp','46.422'),
	('270261','8','2932','2007-09-02 12:47:13','Bar','957.91'),
	('270262','8','2932','2007-09-02 12:47:13','Lux','1847.1'),
	('270263','8','2932','2007-09-02 12:47:13','AceX','1.02'),
	('270264','8','2932','2007-09-02 12:47:13','AceY','2.4'),
	('270265','8','2970','2007-09-02 12:48:09','Volt','2.9329'),
	('270266','8','2970','2007-09-02 12:48:09','Hum','26.2'),
	('270267','8','2970','2007-09-02 12:48:09','TmIn','42.46'),
	('270268','8','2970','2007-09-02 12:48:09','Temp','41.848'),
	('270269','8','2970','2007-09-02 12:48:09','Bar','965.29'),
	('270270','8','2970','2007-09-02 12:48:09','Lux','1847.1'),
	('270271','8','2970','2007-09-02 12:48:09','AceX','1.62'),
	('270272','8','2970','2007-09-02 12:48:09','AceY','1.84'),
	('270273','8','2756','2007-09-02 12:49:34','Volt','2.9961'),
	('270274','8','2756','2007-09-02 12:49:34','Hum','20.6'),
	('270275','8','2756','2007-09-02 12:49:34','TmIn','48.98'),
	('270276','8','2756','2007-09-02 12:49:34','Temp','48.403'),
	('270277','8','2756','2007-09-02 12:49:34','Bar','963.31'),
	('270278','8','2756','2007-09-02 12:49:34','Lux','80.752'),
	('270279','8','2756','2007-09-02 12:49:34','AceX','1.1'),
	('270280','8','2756','2007-09-02 12:49:34','AceY','1.54'),
	('270281','8','2932','2007-09-02 12:50:28','Volt','3.062'),
	('270282','8','2932','2007-09-02 12:50:28','Hum','24.7'),
	('270283','8','2932','2007-09-02 12:50:28','TmIn','44.56'),
	('270284','8','2932','2007-09-02 12:50:28','Temp','43.921'),
	('270285','8','2932','2007-09-02 12:50:28','Bar','959.25'),
	('270286','8','2932','2007-09-02 12:50:28','Lux','1847.1'),
	('270287','8','2932','2007-09-02 12:50:28','AceX','1.02'),
	('270288','8','2932','2007-09-02 12:50:28','AceY','2.36'),
	('270289','8','2970','2007-09-02 12:51:30','Volt','2.9329'),
	('270290','8','2970','2007-09-02 12:51:30','Hum','28.5'),
	('270291','8','2970','2007-09-02 12:51:30','TmIn','40.81'),
	('270292','8','2970','2007-09-02 12:51:30','Temp','40.061'),
	('270293','8','2970','2007-09-02 12:51:30','Bar','965.7'),
	('270294','8','2970','2007-09-02 12:51:30','Lux','1847.1'),
	('270295','8','2970','2007-09-02 12:51:30','AceX','1.64'),
	('270296','8','2970','2007-09-02 12:51:30','AceY','1.86'),
	('270297','8','2776','2007-09-02 12:51:38','Volt','3.025'),
	('270298','8','2776','2007-09-02 12:51:38','Hum','28.2'),
	('270299','8','2776','2007-09-02 12:51:38','TmIn','42.08'),
	('270300','8','2776','2007-09-02 12:51:38','Temp','41.212'),
	('270301','8','2776','2007-09-02 12:51:38','Bar','961.31'),
	('270302','8','2776','2007-09-02 12:51:38','Lux','80.752'),
	('270303','8','2776','2007-09-02 12:51:38','AceX','1.28'),
	('270304','8','2776','2007-09-02 12:51:38','AceY','2.18'),
	('270305','8','2756','2007-09-02 12:53:01','Volt','2.9961'),
	('270306','8','2756','2007-09-02 12:53:01','Hum','22.1'),
	('270307','8','2756','2007-09-02 12:53:01','TmIn','46.83'),
	('270308','8','2756','2007-09-02 12:53:01','Temp','46.125'),
	('270309','8','2756','2007-09-02 12:53:01','Bar','963.61'),
	('270310','8','2756','2007-09-02 12:53:01','Lux','80.752'),
	('270311','8','2756','2007-09-02 12:53:01','AceX','1.12'),
	('270312','8','2756','2007-09-02 12:53:01','AceY','1.52'),
	('270313','8','2932','2007-09-02 12:53:45','Volt','3.062'),
	('270314','8','2932','2007-09-02 12:53:45','Hum','26.5'),
	('270315','8','2932','2007-09-02 12:53:45','TmIn','42.77'),
	('270316','8','2932','2007-09-02 12:53:45','Temp','42.117'),
	('270317','8','2932','2007-09-02 12:53:45','Bar','960.18'),
	('270318','8','2932','2007-09-02 12:53:45','Lux','1847.1'),
	('270319','8','2932','2007-09-02 12:53:45','AceX','1.02'),
	('270320','8','2932','2007-09-02 12:53:45','AceY','2.4'),
	('270321','8','2970','2007-09-02 12:54:50','Volt','2.9329'),
	('270322','8','2970','2007-09-02 12:54:50','Hum','30.1'),
	('270323','8','2970','2007-09-02 12:54:50','TmIn','39.77'),
	('270324','8','2970','2007-09-02 12:54:50','Temp','39.036'),
	('270325','8','2970','2007-09-02 12:54:50','Bar','965.94'),
	('270326','8','2970','2007-09-02 12:54:50','Lux','1847.1'),
	('270327','8','2970','2007-09-02 12:54:50','AceX','1.64'),
	('270328','8','2970','2007-09-02 12:54:50','AceY','1.84'),
	('270329','8','2776','2007-09-02 12:55:06','Volt','3.025'),
	('270330','8','2776','2007-09-02 12:55:06','Hum','30.1'),
	('270331','8','2776','2007-09-02 12:55:06','TmIn','40.63'),
	('270332','8','2776','2007-09-02 12:55:06','Temp','39.809'),
	('270333','8','2776','2007-09-02 12:55:06','Bar','962.04'),
	('270334','8','2776','2007-09-02 12:55:06','Lux','80.752'),
	('270335','8','2776','2007-09-02 12:55:06','AceX','1.26'),
	('270336','8','2776','2007-09-02 12:55:06','AceY','2.18'),
	('270337','8','2756','2007-09-02 12:56:27','Volt','2.9961'),
	('270338','8','2756','2007-09-02 12:56:27','Hum','24.2'),
	('270339','8','2756','2007-09-02 12:56:27','TmIn','45.21'),
	('270340','8','2756','2007-09-02 12:56:27','Temp','44.397'),
	('270341','8','2756','2007-09-02 12:56:27','Bar','964.2'),
	('270342','8','2756','2007-09-02 12:56:27','Lux','80.752'),
	('270343','8','2756','2007-09-02 12:56:27','AceX','1.12'),
	('270344','8','2756','2007-09-02 12:56:27','AceY','1.52'),
	('270345','8','2932','2007-09-02 12:57:00','Volt','3.062'),
	('270346','8','2932','2007-09-02 12:57:00','Hum','27.8'),
	('270347','8','2932','2007-09-02 12:57:00','TmIn','41.74'),
	('270348','8','2932','2007-09-02 12:57:00','Temp','41.034'),
	('270349','8','2932','2007-09-02 12:57:00','Bar','960.74'),
	('270350','8','2932','2007-09-02 12:57:00','Lux','1847.1'),
	('270351','8','2932','2007-09-02 12:57:00','AceX','1.02'),
	('270352','8','2932','2007-09-02 12:57:00','AceY','2.38'),
	('270353','8','2970','2007-09-02 12:58:12','Volt','2.9329'),
	('270354','8','2970','2007-09-02 12:58:12','Hum','31.5'),
	('270355','8','2970','2007-09-02 12:58:12','TmIn','39'),
	('270356','8','2970','2007-09-02 12:58:12','Temp','38.252'),
	('270357','8','2970','2007-09-02 12:58:12','Bar','966.34'),
	('270358','8','2970','2007-09-02 12:58:12','Lux','1847.1'),
	('270359','8','2970','2007-09-02 12:58:12','AceX','1.64'),
	('270360','8','2970','2007-09-02 12:58:12','AceY','1.84'),
	('270361','8','2776','2007-09-02 12:58:35','Volt','3.025'),
	('270362','8','2776','2007-09-02 12:58:35','Hum','31.3'),
	('270363','8','2776','2007-09-02 12:58:35','TmIn','39.91'),
	('270364','8','2776','2007-09-02 12:58:35','Temp','39.074'),
	('270365','8','2776','2007-09-02 12:58:35','Bar','962.25'),
	('270366','8','2776','2007-09-02 12:58:35','Lux','80.752'),
	('270367','8','2776','2007-09-02 12:58:35','AceX','1.34'),
	('270368','8','2776','2007-09-02 12:58:35','AceY','2.2'),
	('270369','8','2756','2007-09-02 12:59:52','Volt','2.9961'),
	('270370','8','2756','2007-09-02 12:59:52','Hum','25.5'),
	('270371','8','2756','2007-09-02 12:59:52','TmIn','43.97'),
	('270372','8','2756','2007-09-02 12:59:52','Temp','43.13'),
	('270373','8','2756','2007-09-02 12:59:52','Bar','964.69'),
	('270374','8','2756','2007-09-02 12:59:52','Lux','80.752'),
	('270375','8','2756','2007-09-02 12:59:52','AceX','1.12'),
	('270376','8','2756','2007-09-02 12:59:52','AceY','1.52'),
	('270377','8','2932','2007-09-02 13:00:16','Volt','3.062'),
	('270378','8','2932','2007-09-02 13:00:16','Hum','29.3'),
	('270379','8','2932','2007-09-02 13:00:16','TmIn','40.93'),
	('270380','8','2932','2007-09-02 13:00:16','Temp','40.217'),
	('270381','8','2932','2007-09-02 13:00:16','Bar','961.25'),
	('270382','8','2932','2007-09-02 13:00:16','Lux','1847.1'),
	('270383','8','2932','2007-09-02 13:00:16','AceX','1.02'),
	('270384','8','2932','2007-09-02 13:00:16','AceY','2.38'),
	('270385','8','2970','2007-09-02 13:01:31','Volt','2.9329'),
	('270386','8','2970','2007-09-02 13:01:31','Hum','32.7'),
	('270387','8','2970','2007-09-02 13:01:31','TmIn','38.24'),
	('270388','8','2970','2007-09-02 13:01:31','Temp','37.512'),
	('270389','8','2970','2007-09-02 13:01:31','Bar','966.52'),
	('270390','8','2970','2007-09-02 13:01:31','Lux','1847.1'),
	('270391','8','2970','2007-09-02 13:01:31','AceX','1.64'),
	('270392','8','2970','2007-09-02 13:01:31','AceY','1.82'),
	('270393','8','2776','2007-09-02 13:02:04','Volt','3.025'),
	('270394','8','2776','2007-09-02 13:02:04','Hum','32.2'),
	('270395','8','2776','2007-09-02 13:02:04','TmIn','39.19'),
	('270396','8','2776','2007-09-02 13:02:04','Temp','38.391'),
	('270397','8','2776','2007-09-02 13:02:04','Bar','962.54'),
	('270398','8','2776','2007-09-02 13:02:04','Lux','80.752'),
	('270399','8','2776','2007-09-02 13:02:04','AceX','1.34'),
	('270400','8','2776','2007-09-02 13:02:04','AceY','2.22'),
	('270401','8','2756','2007-09-02 13:03:18','Volt','2.9961'),
	('270402','8','2756','2007-09-02 13:03:18','Hum','27.5'),
	('270403','8','2756','2007-09-02 13:03:18','TmIn','42.9'),
	('270404','8','2756','2007-09-02 13:03:18','Temp','42.017'),
	('270405','8','2756','2007-09-02 13:03:18','Bar','964.94'),
	('270406','8','2756','2007-09-02 13:03:18','Lux','80.752'),
	('270407','8','2756','2007-09-02 13:03:18','AceX','1.1'),
	('270408','8','2756','2007-09-02 13:03:18','AceY','1.52'),
	('270409','8','2932','2007-09-02 13:03:31','Volt','3.062'),
	('270410','8','2932','2007-09-02 13:03:31','Hum','30.2'),
	('270411','8','2932','2007-09-02 13:03:31','TmIn','40.15'),
	('270412','8','2932','2007-09-02 13:03:31','Temp','39.438'),
	('270413','8','2932','2007-09-02 13:03:31','Bar','961.8'),
	('270414','8','2932','2007-09-02 13:03:31','Lux','1847.1'),
	('270415','8','2932','2007-09-02 13:03:31','AceX','1.02'),
	('270416','8','2932','2007-09-02 13:03:31','AceY','2.38'),
	('270417','8','2970','2007-09-02 13:04:52','Volt','2.9329'),
	('270418','8','2970','2007-09-02 13:04:52','Hum','33.5'),
	('270419','8','2970','2007-09-02 13:04:52','TmIn','37.64'),
	('270420','8','2970','2007-09-02 13:04:52','Temp','36.89'),
	('270421','8','2970','2007-09-02 13:04:52','Bar','966.79'),
	('270422','8','2970','2007-09-02 13:04:52','Lux','1847.1'),
	('270423','8','2970','2007-09-02 13:04:52','AceX','1.66'),
	('270424','8','2970','2007-09-02 13:04:52','AceY','1.84'),
	('270425','8','2776','2007-09-02 13:05:31','Volt','3.025'),
	('270426','8','2776','2007-09-02 13:05:31','Hum','33.4'),
	('270427','8','2776','2007-09-02 13:05:31','TmIn','38.54'),
	('270428','8','2776','2007-09-02 13:05:31','Temp','37.738'),
	('270429','8','2776','2007-09-02 13:05:31','Bar','962.67'),
	('270430','8','2776','2007-09-02 13:05:31','Lux','80.752'),
	('270431','8','2776','2007-09-02 13:05:31','AceX','1.34'),
	('270432','8','2776','2007-09-02 13:05:31','AceY','2.22'),
	('270433','8','2756','2007-09-02 13:06:44','Volt','3.0032'),
	('270434','8','2756','2007-09-02 13:06:44','Hum','28'),
	('270435','8','2756','2007-09-02 13:06:44','TmIn','42.01'),
	('270436','8','2756','2007-09-02 13:06:44','Temp','41.057'),
	('270437','8','2756','2007-09-02 13:06:44','Bar','965.39'),
	('270438','8','2756','2007-09-02 13:06:44','Lux','80.752'),
	('270439','8','2756','2007-09-02 13:06:44','AceX','1.12'),
	('270440','8','2756','2007-09-02 13:06:44','AceY','1.52'),
	('270441','8','2932','2007-09-02 13:06:47','Volt','3.062'),
	('270442','8','2932','2007-09-02 13:06:47','Hum','31.1'),
	('270443','8','2932','2007-09-02 13:06:47','TmIn','39.42'),
	('270444','8','2932','2007-09-02 13:06:47','Temp','38.711'),
	('270445','8','2932','2007-09-02 13:06:47','Bar','962.22'),
	('270446','8','2932','2007-09-02 13:06:47','Lux','1847.1'),
	('270447','8','2932','2007-09-02 13:06:47','AceX','1.02'),
	('270448','8','2932','2007-09-02 13:06:47','AceY','2.4'),
	('270449','8','2970','2007-09-02 13:08:13','Volt','2.9329'),
	('270450','8','2970','2007-09-02 13:08:13','Hum','34.6'),
	('270451','8','2970','2007-09-02 13:08:13','TmIn','37.17'),
	('270452','8','2970','2007-09-02 13:08:13','Temp','36.421'),
	('270453','8','2970','2007-09-02 13:08:13','Bar','967.19'),
	('270454','8','2970','2007-09-02 13:08:13','Lux','1847.1'),
	('270455','8','2970','2007-09-02 13:08:13','AceX','1.66'),
	('270456','8','2970','2007-09-02 13:08:13','AceY','1.86'),
	('270457','8','2776','2007-09-02 13:08:59','Volt','3.025'),
	('270458','8','2776','2007-09-02 13:08:59','Hum','34.6'),
	('270459','8','2776','2007-09-02 13:08:59','TmIn','38.08'),
	('270460','8','2776','2007-09-02 13:08:59','Temp','37.271'),
	('270461','8','2776','2007-09-02 13:08:59','Bar','963.15'),
	('270462','8','2776','2007-09-02 13:08:59','Lux','80.752'),
	('270463','8','2776','2007-09-02 13:08:59','AceX','1.36'),
	('270464','8','2776','2007-09-02 13:08:59','AceY','2.22'),
	('270465','8','2932','2007-09-02 13:10:05','Volt','3.062'),
	('270466','8','2932','2007-09-02 13:10:05','Hum','32'),
	('270467','8','2932','2007-09-02 13:10:05','TmIn','38.77'),
	('270468','8','2932','2007-09-02 13:10:05','Temp','38.065'),
	('270469','8','2932','2007-09-02 13:10:05','Bar','962.64'),
	('270470','8','2932','2007-09-02 13:10:05','Lux','1847.1'),
	('270471','8','2932','2007-09-02 13:10:05','AceX','1.02'),
	('270472','8','2932','2007-09-02 13:10:05','AceY','2.4'),
	('270473','8','2756','2007-09-02 13:10:10','Volt','2.9961'),
	('270474','8','2756','2007-09-02 13:10:10','Hum','28.5'),
	('270475','8','2756','2007-09-02 13:10:10','TmIn','41.17'),
	('270476','8','2756','2007-09-02 13:10:10','Temp','40.229'),
	('270477','8','2756','2007-09-02 13:10:10','Bar','965.76'),
	('270478','8','2756','2007-09-02 13:10:10','Lux','80.752'),
	('270479','8','2756','2007-09-02 13:10:10','AceX','1.12'),
	('270480','8','2756','2007-09-02 13:10:10','AceY','1.5'),
	('270481','8','2970','2007-09-02 13:11:33','Volt','2.9329'),
	('270482','8','2970','2007-09-02 13:11:33','Hum','35'),
	('270483','8','2970','2007-09-02 13:11:33','TmIn','36.67'),
	('270484','8','2970','2007-09-02 13:11:33','Temp','35.908'),
	('270485','8','2970','2007-09-02 13:11:33','Bar','967.25'),
	('270486','8','2970','2007-09-02 13:11:33','Lux','1847.1'),
	('270487','8','2970','2007-09-02 13:11:33','AceX','1.66'),
	('270488','8','2970','2007-09-02 13:11:33','AceY','1.84'),
	('270489','8','2776','2007-09-02 13:12:27','Volt','3.025'),
	('270490','8','2776','2007-09-02 13:12:27','Hum','34.3'),
	('270491','8','2776','2007-09-02 13:12:27','TmIn','37.63'),
	('270492','8','2776','2007-09-02 13:12:27','Temp','36.855'),
	('270493','8','2776','2007-09-02 13:12:27','Bar','963.14'),
	('270494','8','2776','2007-09-02 13:12:27','Lux','80.752'),
	('270495','8','2776','2007-09-02 13:12:27','AceX','1.36'),
	('270496','8','2776','2007-09-02 13:12:27','AceY','2.24'),
	('270497','8','2932','2007-09-02 13:13:19','Volt','3.062'),
	('270498','8','2932','2007-09-02 13:13:19','Hum','32.7'),
	('270499','8','2932','2007-09-02 13:13:19','TmIn','38.2'),
	('270500','8','2932','2007-09-02 13:13:19','Temp','37.523'),
	('270501','8','2932','2007-09-02 13:13:19','Bar','962.91'),
	('270502','8','2932','2007-09-02 13:13:19','Lux','1847.1'),
	('270503','8','2932','2007-09-02 13:13:19','AceX','1.02'),
	('270504','8','2932','2007-09-02 13:13:19','AceY','2.4'),
	('270505','8','2756','2007-09-02 13:13:35','Volt','3.0032'),
	('270506','8','2756','2007-09-02 13:13:35','Hum','30.3'),
	('270507','8','2756','2007-09-02 13:13:35','TmIn','40.49'),
	('270508','8','2756','2007-09-02 13:13:35','Temp','39.556'),
	('270509','8','2756','2007-09-02 13:13:35','Bar','965.79'),
	('270510','8','2756','2007-09-02 13:13:35','Lux','80.752'),
	('270511','8','2756','2007-09-02 13:13:35','AceX','1.12'),
	('270512','8','2756','2007-09-02 13:13:35','AceY','1.5'),
	('270513','8','2970','2007-09-02 13:14:54','Volt','2.9329'),
	('270514','8','2970','2007-09-02 13:14:54','Hum','35.6'),
	('270515','8','2970','2007-09-02 13:14:54','TmIn','36.28'),
	('270516','8','2970','2007-09-02 13:14:54','Temp','35.549'),
	('270517','8','2970','2007-09-02 13:14:54','Bar','967.35'),
	('270518','8','2970','2007-09-02 13:14:54','Lux','1847.1'),
	('270519','8','2970','2007-09-02 13:14:54','AceX','1.66'),
	('270520','8','2970','2007-09-02 13:14:54','AceY','1.86'),
	('270521','8','2776','2007-09-02 13:15:57','Volt','3.0177'),
	('270522','8','2776','2007-09-02 13:15:57','Hum','35.3'),
	('270523','8','2776','2007-09-02 13:15:57','TmIn','37.13'),
	('270524','8','2776','2007-09-02 13:15:57','Temp','36.373'),
	('270525','8','2776','2007-09-02 13:15:57','Bar','963.22'),
	('270526','8','2776','2007-09-02 13:15:57','Lux','80.752'),
	('270527','8','2776','2007-09-02 13:15:57','AceX','1.36'),
	('270528','8','2776','2007-09-02 13:15:57','AceY','2.22'),
	('270529','8','2932','2007-09-02 13:16:35','Volt','3.062'),
	('270530','8','2932','2007-09-02 13:16:35','Hum','33.3'),
	('270531','8','2932','2007-09-02 13:16:35','TmIn','37.71'),
	('270532','8','2932','2007-09-02 13:16:35','Temp','37.026'),
	('270533','8','2932','2007-09-02 13:16:35','Bar','963.23'),
	('270534','8','2932','2007-09-02 13:16:35','Lux','1847.1'),
	('270535','8','2932','2007-09-02 13:16:35','AceX','1.02'),
	('270536','8','2932','2007-09-02 13:16:35','AceY','2.42'),
	('270537','8','2970','2007-09-02 13:18:15','Volt','2.9329'),
	('270538','8','2970','2007-09-02 13:18:15','Hum','35.4'),
	('270539','8','2970','2007-09-02 13:18:15','TmIn','36.06'),
	('270540','8','2970','2007-09-02 13:18:15','Temp','35.381'),
	('270541','8','2970','2007-09-02 13:18:15','Bar','967.46'),
	('270542','8','2970','2007-09-02 13:18:15','Lux','1847.1'),
	('270543','8','2970','2007-09-02 13:18:15','AceX','1.66'),
	('270544','8','2970','2007-09-02 13:18:15','AceY','1.84'),
	('270545','8','2776','2007-09-02 13:19:25','Volt','3.025'),
	('270546','8','2776','2007-09-02 13:19:25','Hum','35.6'),
	('270547','8','2776','2007-09-02 13:19:25','TmIn','36.77'),
	('270548','8','2776','2007-09-02 13:19:25','Temp','36.009'),
	('270549','8','2776','2007-09-02 13:19:25','Bar','963.47'),
	('270550','8','2776','2007-09-02 13:19:25','Lux','80.752'),
	('270551','8','2776','2007-09-02 13:19:25','AceX','1.36'),
	('270552','8','2776','2007-09-02 13:19:25','AceY','2.24'),
	('270553','8','2932','2007-09-02 13:19:51','Volt','3.062'),
	('270554','8','2932','2007-09-02 13:19:51','Hum','33.9'),
	('270555','8','2932','2007-09-02 13:19:51','TmIn','37.34'),
	('270556','8','2932','2007-09-02 13:19:51','Temp','36.692'),
	('270557','8','2932','2007-09-02 13:19:51','Bar','963.28'),
	('270558','8','2932','2007-09-02 13:19:51','Lux','1847.1'),
	('270559','8','2932','2007-09-02 13:19:51','AceX','1.02'),
	('270560','8','2932','2007-09-02 13:19:51','AceY','2.4'),
	('270561','8','2756','2007-09-02 13:20:27','Volt','2.9961'),
	('270562','8','2756','2007-09-02 13:20:27','Hum','32'),
	('270563','8','2756','2007-09-02 13:20:27','TmIn','39.15'),
	('270564','8','2756','2007-09-02 13:20:27','Temp','38.223'),
	('270565','8','2756','2007-09-02 13:20:27','Bar','966.15'),
	('270566','8','2756','2007-09-02 13:20:27','Lux','295.43'),
	('270567','8','2756','2007-09-02 13:20:27','AceX','1.12'),
	('270568','8','2756','2007-09-02 13:20:27','AceY','1.5'),
	('270569','8','2970','2007-09-02 13:21:35','Volt','2.9329'),
	('270570','8','2970','2007-09-02 13:21:35','Hum','35.7'),
	('270571','8','2970','2007-09-02 13:21:35','TmIn','35.92'),
	('270572','8','2970','2007-09-02 13:21:35','Temp','35.256'),
	('270573','8','2970','2007-09-02 13:21:35','Bar','967.55'),
	('270574','8','2970','2007-09-02 13:21:35','Lux','1847.1'),
	('270575','8','2970','2007-09-02 13:21:35','AceX','1.66'),
	('270576','8','2970','2007-09-02 13:21:35','AceY','1.86'),
	('270577','8','2776','2007-09-02 13:22:53','Volt','3.025'),
	('270578','8','2776','2007-09-02 13:22:53','Hum','35.9'),
	('270579','8','2776','2007-09-02 13:22:53','TmIn','36.38'),
	('270580','8','2776','2007-09-02 13:22:53','Temp','35.638'),
	('270581','8','2776','2007-09-02 13:22:53','Bar','963.61'),
	('270582','8','2776','2007-09-02 13:22:53','Lux','89.225'),
	('270583','8','2776','2007-09-02 13:22:53','AceX','1.34'),
	('270584','8','2776','2007-09-02 13:22:53','AceY','2.22'),
	('270585','8','2932','2007-09-02 13:23:07','Volt','3.062'),
	('270586','8','2932','2007-09-02 13:23:07','Hum','34.7'),
	('270587','8','2932','2007-09-02 13:23:07','TmIn','36.99'),
	('270588','8','2932','2007-09-02 13:23:07','Temp','36.358'),
	('270589','8','2932','2007-09-02 13:23:07','Bar','963.52'),
	('270590','8','2932','2007-09-02 13:23:07','Lux','1847.1'),
	('270591','8','2932','2007-09-02 13:23:07','AceX','1.02'),
	('270592','8','2932','2007-09-02 13:23:07','AceY','2.42'),
	('270593','8','2756','2007-09-02 13:23:52','Volt','2.9961'),
	('270594','8','2756','2007-09-02 13:23:52','Hum','32.3'),
	('270595','8','2756','2007-09-02 13:23:52','TmIn','38.6'),
	('270596','8','2756','2007-09-02 13:23:52','Temp','37.673'),
	('270597','8','2756','2007-09-02 13:23:52','Bar','966.35'),
	('270598','8','2756','2007-09-02 13:23:52','Lux','388.7'),
	('270599','8','2756','2007-09-02 13:23:52','AceX','1.12'),
	('270600','8','2756','2007-09-02 13:23:52','AceY','1.5'),
	('270601','8','2776','2007-09-02 13:26:21','Volt','3.0177'),
	('270602','8','2776','2007-09-02 13:26:21','Hum','37.4'),
	('270603','8','2776','2007-09-02 13:26:21','TmIn','36.09'),
	('270604','8','2776','2007-09-02 13:26:21','Temp','35.334'),
	('270605','8','2776','2007-09-02 13:26:21','Bar','963.84'),
	('270606','8','2776','2007-09-02 13:26:21','Lux','132.99'),
	('270607','8','2776','2007-09-02 13:26:21','AceX','1.36'),
	('270608','8','2776','2007-09-02 13:26:21','AceY','2.22'),
	('270609','8','2932','2007-09-02 13:26:24','Volt','3.062'),
	('270610','8','2932','2007-09-02 13:26:24','Hum','35.6'),
	('270611','8','2932','2007-09-02 13:26:24','TmIn','36.74'),
	('270612','8','2932','2007-09-02 13:26:24','Temp','36.128'),
	('270613','8','2932','2007-09-02 13:26:24','Bar','963.7'),
	('270614','8','2932','2007-09-02 13:26:24','Lux','1847.1'),
	('270615','8','2932','2007-09-02 13:26:24','AceX','1.02'),
	('270616','8','2932','2007-09-02 13:26:24','AceY','2.42'),
	('270617','8','2756','2007-09-02 13:27:18','Volt','2.9961'),
	('270618','8','2756','2007-09-02 13:27:18','Hum','32.5'),
	('270619','8','2756','2007-09-02 13:27:18','TmIn','38.12'),
	('270620','8','2756','2007-09-02 13:27:18','Temp','37.19'),
	('270621','8','2756','2007-09-02 13:27:18','Bar','966.65'),
	('270622','8','2756','2007-09-02 13:27:18','Lux','498.82'),
	('270623','8','2756','2007-09-02 13:27:18','AceX','1.12'),
	('270624','8','2756','2007-09-02 13:27:18','AceY','1.5'),
	('270625','8','2932','2007-09-02 13:29:39','Volt','3.062'),
	('270626','8','2932','2007-09-02 13:29:39','Hum','36.6'),
	('270627','8','2932','2007-09-02 13:29:39','TmIn','36.35'),
	('270628','8','2932','2007-09-02 13:29:39','Temp','35.734'),
	('270629','8','2932','2007-09-02 13:29:39','Bar','964.05'),
	('270630','8','2932','2007-09-02 13:29:39','Lux','1847.1'),
	('270631','8','2932','2007-09-02 13:29:39','AceX','1.02'),
	('270632','8','2932','2007-09-02 13:29:39','AceY','2.42'),
	('270633','8','2776','2007-09-02 13:29:49','Volt','3.0177'),
	('270634','8','2776','2007-09-02 13:29:49','Hum','37.5'),
	('270635','8','2776','2007-09-02 13:29:49','TmIn','35.85'),
	('270636','8','2776','2007-09-02 13:29:49','Temp','35.096'),
	('270637','8','2776','2007-09-02 13:29:49','Bar','964.27'),
	('270638','8','2776','2007-09-02 13:29:49','Lux','267.38'),
	('270639','8','2776','2007-09-02 13:29:49','AceX','1.36'),
	('270640','8','2776','2007-09-02 13:29:49','AceY','2.22'),
	('270641','8','2756','2007-09-02 13:30:44','Volt','2.9961'),
	('270642','8','2756','2007-09-02 13:30:44','Hum','32.8'),
	('270643','8','2756','2007-09-02 13:30:44','TmIn','37.53'),
	('270644','8','2756','2007-09-02 13:30:44','Temp','36.597'),
	('270645','8','2756','2007-09-02 13:30:44','Bar','966.88'),
	('270646','8','2756','2007-09-02 13:30:44','Lux','579.35'),
	('270647','8','2756','2007-09-02 13:30:44','AceX','1.12'),
	('270648','8','2756','2007-09-02 13:30:44','AceY','1.48'),
	('270649','8','2970','2007-09-02 13:31:38','Volt','2.9329'),
	('270650','8','2970','2007-09-02 13:31:38','Hum','38.6'),
	('270651','8','2970','2007-09-02 13:31:38','TmIn','35.48'),
	('270652','8','2970','2007-09-02 13:31:38','Temp','34.868'),
	('270653','8','2970','2007-09-02 13:31:38','Bar','967.88'),
	('270654','8','2970','2007-09-02 13:31:38','Lux','1847.1'),
	('270655','8','2970','2007-09-02 13:31:38','AceX','1.68'),
	('270656','8','2970','2007-09-02 13:31:38','AceY','1.86'),
	('270657','8','2932','2007-09-02 13:32:55','Volt','3.062'),
	('270658','8','2932','2007-09-02 13:32:55','Hum','36.9'),
	('270659','8','2932','2007-09-02 13:32:55','TmIn','35.99'),
	('270660','8','2932','2007-09-02 13:32:55','Temp','35.378'),
	('270661','8','2932','2007-09-02 13:32:55','Bar','964.26'),
	('270662','8','2932','2007-09-02 13:32:55','Lux','1847.1'),
	('270663','8','2932','2007-09-02 13:32:55','AceX','1.02'),
	('270664','8','2932','2007-09-02 13:32:55','AceY','2.42'),
	('270665','8','2776','2007-09-02 13:33:18','Volt','3.0177'),
	('270666','8','2776','2007-09-02 13:33:18','Hum','38.2'),
	('270667','8','2776','2007-09-02 13:33:18','TmIn','35.45'),
	('270668','8','2776','2007-09-02 13:33:18','Temp','34.703'),
	('270669','8','2776','2007-09-02 13:33:18','Bar','964.37'),
	('270670','8','2776','2007-09-02 13:33:18','Lux','451.46'),
	('270671','8','2776','2007-09-02 13:33:18','AceX','1.4'),
	('270672','8','2776','2007-09-02 13:33:18','AceY','2.24'),
	('270673','8','2756','2007-09-02 13:34:09','Volt','3.0032'),
	('270674','8','2756','2007-09-02 13:34:09','Hum','33.5'),
	('270675','8','2756','2007-09-02 13:34:09','TmIn','37'),
	('270676','8','2756','2007-09-02 13:34:09','Temp','36.047'),
	('270677','8','2756','2007-09-02 13:34:09','Bar','967.17'),
	('270678','8','2756','2007-09-02 13:34:09','Lux','608.99'),
	('270679','8','2756','2007-09-02 13:34:09','AceX','1.12'),
	('270680','8','2756','2007-09-02 13:34:09','AceY','1.46'),
	('270681','8','2970','2007-09-02 13:34:57','Volt','2.9329'),
	('270682','8','2970','2007-09-02 13:34:57','Hum','38.1'),
	('270683','8','2970','2007-09-02 13:34:57','TmIn','35.29'),
	('270684','8','2970','2007-09-02 13:34:57','Temp','34.692'),
	('270685','8','2970','2007-09-02 13:34:57','Bar','968.16'),
	('270686','8','2970','2007-09-02 13:34:57','Lux','1847.1'),
	('270687','8','2970','2007-09-02 13:34:57','AceX','1.68'),
	('270688','8','2970','2007-09-02 13:34:57','AceY','1.86'),
	('270689','8','2932','2007-09-02 13:36:10','Volt','3.062'),
	('270690','8','2932','2007-09-02 13:36:10','Hum','41.2'),
	('270691','8','2932','2007-09-02 13:36:10','TmIn','35.21'),
	('270692','8','2932','2007-09-02 13:36:10','Temp','34.577'),
	('270693','8','2932','2007-09-02 13:36:10','Bar','964.66'),
	('270694','8','2932','2007-09-02 13:36:10','Lux','1847.1'),
	('270695','8','2932','2007-09-02 13:36:10','AceX','1.04'),
	('270696','8','2932','2007-09-02 13:36:10','AceY','2.36'),
	('270697','8','2776','2007-09-02 13:36:45','Volt','3.0177'),
	('270698','8','2776','2007-09-02 13:36:45','Hum','43.7'),
	('270699','8','2776','2007-09-02 13:36:45','TmIn','34.5'),
	('270700','8','2776','2007-09-02 13:36:45','Temp','33.745'),
	('270701','8','2776','2007-09-02 13:36:45','Bar','964.62'),
	('270702','8','2776','2007-09-02 13:36:45','Lux','388.7'),
	('270703','8','2776','2007-09-02 13:36:45','AceX','1.36'),
	('270704','8','2776','2007-09-02 13:36:45','AceY','2.22'),
	('270705','8','2756','2007-09-02 13:37:36','Volt','3.0032'),
	('270706','8','2756','2007-09-02 13:37:36','Hum','37.6'),
	('270707','8','2756','2007-09-02 13:37:36','TmIn','36.22'),
	('270708','8','2756','2007-09-02 13:37:36','Temp','35.264'),
	('270709','8','2756','2007-09-02 13:37:36','Bar','967.21'),
	('270710','8','2756','2007-09-02 13:37:36','Lux','608.99'),
	('270711','8','2756','2007-09-02 13:37:36','AceX','1.12'),
	('270712','8','2756','2007-09-02 13:37:36','AceY','1.46'),
	('270713','8','2970','2007-09-02 13:38:19','Volt','2.9329'),
	('270714','8','2970','2007-09-02 13:38:19','Hum','42.7'),
	('270715','8','2970','2007-09-02 13:38:19','TmIn','34.36'),
	('270716','8','2970','2007-09-02 13:38:19','Temp','33.689'),
	('270717','8','2970','2007-09-02 13:38:19','Bar','968.12'),
	('270718','8','2970','2007-09-02 13:38:19','Lux','1847.1'),
	('270719','8','2970','2007-09-02 13:38:19','AceX','1.68'),
	('270720','8','2970','2007-09-02 13:38:19','AceY','1.82'),
	('270721','8','2932','2007-09-02 13:39:27','Volt','3.062'),
	('270722','8','2932','2007-09-02 13:39:27','Hum','43.9'),
	('270723','8','2932','2007-09-02 13:39:27','TmIn','33.74'),
	('270724','8','2932','2007-09-02 13:39:27','Temp','33.063'),
	('270725','8','2932','2007-09-02 13:39:27','Bar','965.18'),
	('270726','8','2932','2007-09-02 13:39:27','Lux','1847.1'),
	('270727','8','2932','2007-09-02 13:39:27','AceX','1.02'),
	('270728','8','2932','2007-09-02 13:39:27','AceY','2.38'),
	('270729','8','2776','2007-09-02 13:40:14','Volt','3.0177'),
	('270730','8','2776','2007-09-02 13:40:14','Hum','46.3'),
	('270731','8','2776','2007-09-02 13:40:14','TmIn','33.07'),
	('270732','8','2776','2007-09-02 13:40:14','Temp','32.291'),
	('270733','8','2776','2007-09-02 13:40:14','Bar','964.91'),
	('270734','8','2776','2007-09-02 13:40:14','Lux','360.68'),
	('270735','8','2776','2007-09-02 13:40:14','AceX','1.38'),
	('270736','8','2776','2007-09-02 13:40:14','AceY','2.22'),
	('270737','8','2756','2007-09-02 13:41:01','Volt','3.0032'),
	('270738','8','2756','2007-09-02 13:41:01','Hum','41.6'),
	('270739','8','2756','2007-09-02 13:41:01','TmIn','35.01'),
	('270740','8','2756','2007-09-02 13:41:01','Temp','34.011'),
	('270741','8','2756','2007-09-02 13:41:01','Bar','967.46'),
	('270742','8','2756','2007-09-02 13:41:01','Lux','579.35'),
	('270743','8','2756','2007-09-02 13:41:01','AceX','1.12'),
	('270744','8','2756','2007-09-02 13:41:01','AceY','1.48'),
	('270745','8','2970','2007-09-02 13:41:39','Volt','2.9329'),
	('270746','8','2970','2007-09-02 13:41:39','Hum','44.8'),
	('270747','8','2970','2007-09-02 13:41:39','TmIn','33.27'),
	('270748','8','2970','2007-09-02 13:41:39','Temp','32.576'),
	('270749','8','2970','2007-09-02 13:41:39','Bar','968.27'),
	('270750','8','2970','2007-09-02 13:41:39','Lux','1847.1'),
	('270751','8','2970','2007-09-02 13:41:39','AceX','1.68'),
	('270752','8','2970','2007-09-02 13:41:39','AceY','1.84'),
	('270753','8','2756','2007-09-03 12:08:50','Volt','2.9818'),
	('270754','8','2756','2007-09-03 12:08:50','Hum','17.1'),
	('270755','8','2756','2007-09-03 12:08:50','TmIn','55.44'),
	('270756','8','2756','2007-09-03 12:08:50','Temp','55.229'),
	('270757','8','2756','2007-09-03 12:08:50','Bar','962.12'),
	('270758','8','2756','2007-09-03 12:08:50','Lux','80.752'),
	('270759','8','2756','2007-09-03 12:08:50','AceX','1.08'),
	('270760','8','2756','2007-09-03 12:08:50','AceY','1.56'),
	('270761','8','2970','2007-09-03 12:09:27','Volt','3.1387'),
	('270762','8','2970','2007-09-03 12:09:27','Hum','19.7'),
	('270763','8','2970','2007-09-03 12:09:27','TmIn','48.78'),
	('270764','8','2970','2007-09-03 12:09:27','Temp','48.484'),
	('270765','8','2970','2007-09-03 12:09:27','Bar','964.99'),
	('270766','8','2970','2007-09-03 12:09:27','Lux','80.752'),
	('270767','8','2970','2007-09-03 12:09:27','AceX','1.48'),
	('270768','8','2970','2007-09-03 12:09:27','AceY','1.88'),
	('270769','8','2776','2007-09-03 12:10:28','Volt','2.9889'),
	('270770','8','2776','2007-09-03 12:10:28','Hum','19.1'),
	('270771','8','2776','2007-09-03 12:10:28','TmIn','51.39'),
	('270772','8','2776','2007-09-03 12:10:28','Temp','50.689'),
	('270773','8','2776','2007-09-03 12:10:28','Bar','958.87'),
	('270774','8','2776','2007-09-03 12:10:28','Lux','80.752'),
	('270775','8','2776','2007-09-03 12:10:28','AceX','1.28'),
	('270776','8','2776','2007-09-03 12:10:28','AceY','2.24'),
	('270777','8','2932','2007-09-03 12:11:01','Volt','3.0545'),
	('270778','8','2932','2007-09-03 12:11:01','Hum','15.8'),
	('270779','8','2932','2007-09-03 12:11:01','TmIn','55.31'),
	('270780','8','2932','2007-09-03 12:11:01','Temp','55.039'),
	('270781','8','2932','2007-09-03 12:11:01','Bar','955.46'),
	('270782','8','2932','2007-09-03 12:11:01','Lux','1847.1'),
	('270783','8','2932','2007-09-03 12:11:01','AceX','1'),
	('270784','8','2932','2007-09-03 12:11:01','AceY','2.28'),
	('270785','8','2756','2007-09-03 12:12:10','Volt','2.9889'),
	('270786','8','2756','2007-09-03 12:12:10','Hum','15.9'),
	('270787','8','2756','2007-09-03 12:12:10','TmIn','55.97'),
	('270788','8','2756','2007-09-03 12:12:10','Temp','55.779'),
	('270789','8','2756','2007-09-03 12:12:10','Bar','962.22'),
	('270790','8','2756','2007-09-03 12:12:10','Lux','80.752'),
	('270791','8','2756','2007-09-03 12:12:10','AceX','1.08'),
	('270792','8','2756','2007-09-03 12:12:10','AceY','1.56'),
	('270793','8','2970','2007-09-03 12:12:47','Volt','3.1309'),
	('270794','8','2970','2007-09-03 12:12:47','Hum','19.6'),
	('270795','8','2970','2007-09-03 12:12:47','TmIn','48.71'),
	('270796','8','2970','2007-09-03 12:12:47','Temp','48.528'),
	('270797','8','2970','2007-09-03 12:12:47','Bar','964.41'),
	('270798','8','2970','2007-09-03 12:12:47','Lux','80.752'),
	('270799','8','2970','2007-09-03 12:12:47','AceX','1.5'),
	('270800','8','2970','2007-09-03 12:12:47','AceY','1.86'),
	('270801','8','2776','2007-09-03 12:13:55','Volt','2.9889'),
	('270802','8','2776','2007-09-03 12:13:55','Hum','19.1'),
	('270803','8','2776','2007-09-03 12:13:55','TmIn','51.13'),
	('270804','8','2776','2007-09-03 12:13:55','Temp','50.43'),
	('270805','8','2776','2007-09-03 12:13:55','Bar','959'),
	('270806','8','2776','2007-09-03 12:13:55','Lux','80.752'),
	('270807','8','2776','2007-09-03 12:13:55','AceX','1.3'),
	('270808','8','2776','2007-09-03 12:13:55','AceY','2.28'),
	('270809','8','2932','2007-09-03 12:14:15','Volt','3.0545'),
	('270810','8','2932','2007-09-03 12:14:15','Hum','16.2'),
	('270811','8','2932','2007-09-03 12:14:15','TmIn','54.86'),
	('270812','8','2932','2007-09-03 12:14:15','Temp','54.549'),
	('270813','8','2932','2007-09-03 12:14:15','Bar','955.16'),
	('270814','8','2932','2007-09-03 12:14:15','Lux','1847.1'),
	('270815','8','2932','2007-09-03 12:14:15','AceX','1'),
	('270816','8','2932','2007-09-03 12:14:15','AceY','2.32'),
	('270817','8','2970','2007-09-03 12:16:09','Volt','3.1466'),
	('270818','8','2970','2007-09-03 12:16:09','Hum','19.8'),
	('270819','8','2970','2007-09-03 12:16:09','TmIn','48.72'),
	('270820','8','2970','2007-09-03 12:16:09','Temp','48.521'),
	('270821','8','2970','2007-09-03 12:16:09','Bar','964.4'),
	('270822','8','2970','2007-09-03 12:16:09','Lux','1847.1'),
	('270823','8','2970','2007-09-03 12:16:09','AceX','1.48'),
	('270824','8','2970','2007-09-03 12:16:09','AceY','1.84'),
	('270825','8','2776','2007-09-03 12:17:22','Volt','2.9889'),
	('270826','8','2776','2007-09-03 12:17:22','Hum','19.5'),
	('270827','8','2776','2007-09-03 12:17:22','TmIn','51.01'),
	('270828','8','2776','2007-09-03 12:17:22','Temp','50.274'),
	('270829','8','2776','2007-09-03 12:17:22','Bar','959.18'),
	('270830','8','2776','2007-09-03 12:17:22','Lux','80.752'),
	('270831','8','2776','2007-09-03 12:17:22','AceX','1.38'),
	('270832','8','2776','2007-09-03 12:17:22','AceY','2.24'),
	('270833','8','2932','2007-09-03 12:17:32','Volt','3.0545'),
	('270834','8','2932','2007-09-03 12:17:32','Hum','16.8'),
	('270835','8','2932','2007-09-03 12:17:32','TmIn','54.96'),
	('270836','8','2932','2007-09-03 12:17:32','Temp','54.586'),
	('270837','8','2932','2007-09-03 12:17:32','Bar','955.6'),
	('270838','8','2932','2007-09-03 12:17:32','Lux','1847.1'),
	('270839','8','2932','2007-09-03 12:17:32','AceX','1'),
	('270840','8','2932','2007-09-03 12:17:32','AceY','2.3'),
	('270841','8','2756','2007-09-03 12:19:01','Volt','2.9889'),
	('270842','8','2756','2007-09-03 12:19:01','Hum','16.1'),
	('270843','8','2756','2007-09-03 12:19:01','TmIn','56.59'),
	('270844','8','2756','2007-09-03 12:19:01','Temp','56.482'),
	('270845','8','2756','2007-09-03 12:19:01','Bar','961.6'),
	('270846','8','2756','2007-09-03 12:19:01','Lux','80.752'),
	('270847','8','2756','2007-09-03 12:19:01','AceX','1.08'),
	('270848','8','2756','2007-09-03 12:19:01','AceY','1.56'),
	('270849','8','2970','2007-09-03 12:19:33','Volt','3.1387'),
	('270850','8','2970','2007-09-03 12:19:33','Hum','19.3'),
	('270851','8','2970','2007-09-03 12:19:33','TmIn','49.32'),
	('270852','8','2970','2007-09-03 12:19:33','Temp','48.938'),
	('270853','8','2970','2007-09-03 12:19:33','Bar','964.71'),
	('270854','8','2970','2007-09-03 12:19:33','Lux','80.752'),
	('270855','8','2970','2007-09-03 12:19:33','AceX','1.48'),
	('270856','8','2970','2007-09-03 12:19:33','AceY','1.86'),
	('270857','8','2932','2007-09-03 12:20:47','Volt','3.0545'),
	('270858','8','2932','2007-09-03 12:20:47','Hum','16.1'),
	('270859','8','2932','2007-09-03 12:20:47','TmIn','55.38'),
	('270860','8','2932','2007-09-03 12:20:47','Temp','55.306'),
	('270861','8','2932','2007-09-03 12:20:47','Bar','954.9'),
	('270862','8','2932','2007-09-03 12:20:47','Lux','1847.1'),
	('270863','8','2932','2007-09-03 12:20:47','AceX','1'),
	('270864','8','2932','2007-09-03 12:20:47','AceY','2.32'),
	('270865','8','2776','2007-09-03 12:20:51','Volt','2.9889'),
	('270866','8','2776','2007-09-03 12:20:51','Hum','18.9'),
	('270867','8','2776','2007-09-03 12:20:51','TmIn','51.49'),
	('270868','8','2776','2007-09-03 12:20:51','Temp','50.897'),
	('270869','8','2776','2007-09-03 12:20:51','Bar','958.66'),
	('270870','8','2776','2007-09-03 12:20:51','Lux','80.752'),
	('270871','8','2776','2007-09-03 12:20:51','AceX','1.28'),
	('270872','8','2776','2007-09-03 12:20:51','AceY','2.24'),
	('270873','8','2962','2007-09-03 12:21:22','Volt','3.2277'),
	('270874','8','2962','2007-09-03 12:21:22','Hum','25.7'),
	('270875','8','2962','2007-09-03 12:21:22','TmIn','43.88'),
	('270876','8','2962','2007-09-03 12:21:22','Temp','42.925'),
	('270877','8','2962','2007-09-03 12:21:22','Bar','963.9'),
	('270878','8','2962','2007-09-03 12:21:22','Lux','80.752'),
	('270879','8','2962','2007-09-03 12:21:22','AceX','0.6'),
	('270880','8','2962','2007-09-03 12:21:22','AceY','1.18'),
	('270881','8','2756','2007-09-03 12:22:27','Volt','2.9889'),
	('270882','8','2756','2007-09-03 12:22:27','Hum','15.9'),
	('270883','8','2756','2007-09-03 12:22:27','TmIn','56.25'),
	('270884','8','2756','2007-09-03 12:22:27','Temp','56.079'),
	('270885','8','2756','2007-09-03 12:22:27','Bar','961.98'),
	('270886','8','2756','2007-09-03 12:22:27','Lux','80.752'),
	('270887','8','2756','2007-09-03 12:22:27','AceX','1.08'),
	('270888','8','2756','2007-09-03 12:22:27','AceY','1.54'),
	('270889','8','2970','2007-09-03 12:22:49','Volt','3.1466'),
	('270890','8','2970','2007-09-03 12:22:49','Hum','19.7'),
	('270891','8','2970','2007-09-03 12:22:49','TmIn','48.98'),
	('270892','8','2970','2007-09-03 12:22:49','Temp','48.528'),
	('270893','8','2970','2007-09-03 12:22:49','Bar','964.96'),
	('270894','8','2970','2007-09-03 12:22:49','Lux','80.752'),
	('270895','8','2970','2007-09-03 12:22:49','AceX','1.48'),
	('270896','8','2970','2007-09-03 12:22:49','AceY','1.86'),
	('270897','8','2932','2007-09-03 12:24:04','Volt','3.0545'),
	('270898','8','2932','2007-09-03 12:24:04','Hum','16.5'),
	('270899','8','2932','2007-09-03 12:24:04','TmIn','54.57'),
	('270900','8','2932','2007-09-03 12:24:04','Temp','54.104'),
	('270901','8','2932','2007-09-03 12:24:04','Bar','955.71'),
	('270902','8','2932','2007-09-03 12:24:04','Lux','1847.1'),
	('270903','8','2932','2007-09-03 12:24:04','AceX','1'),
	('270904','8','2932','2007-09-03 12:24:04','AceY','2.32'),
	('270905','8','2776','2007-09-03 12:24:20','Volt','2.9889'),
	('270906','8','2776','2007-09-03 12:24:20','Hum','19.2'),
	('270907','8','2776','2007-09-03 12:24:20','TmIn','51.14'),
	('270908','8','2776','2007-09-03 12:24:20','Temp','50.415'),
	('270909','8','2776','2007-09-03 12:24:20','Bar','959.18'),
	('270910','8','2776','2007-09-03 12:24:20','Lux','80.752'),
	('270911','8','2776','2007-09-03 12:24:20','AceX','1.28'),
	('270912','8','2776','2007-09-03 12:24:20','AceY','2.22'),
	('270913','8','2962','2007-09-03 12:24:42','Volt','3.2194'),
	('270914','8','2962','2007-09-03 12:24:42','Hum','25.8'),
	('270915','8','2962','2007-09-03 12:24:42','TmIn','43.23'),
	('270916','8','2962','2007-09-03 12:24:42','Temp','42.903'),
	('270917','8','2962','2007-09-03 12:24:42','Bar','964.24'),
	('270918','8','2962','2007-09-03 12:24:42','Lux','80.752'),
	('270919','8','2962','2007-09-03 12:24:42','AceX','0.6'),
	('270920','8','2962','2007-09-03 12:24:42','AceY','1.16'),
	('270921','8','2756','2007-09-03 12:25:53','Volt','2.9889'),
	('270922','8','2756','2007-09-03 12:25:53','Hum','15.8'),
	('270923','8','2756','2007-09-03 12:25:53','TmIn','56.66'),
	('270924','8','2756','2007-09-03 12:25:53','Temp','56.665'),
	('270925','8','2756','2007-09-03 12:25:53','Bar','961.28'),
	('270926','8','2756','2007-09-03 12:25:53','Lux','80.752'),
	('270927','8','2756','2007-09-03 12:25:53','AceX','1.1'),
	('270928','8','2756','2007-09-03 12:25:53','AceY','1.58'),
	('270929','8','2970','2007-09-03 12:26:12','Volt','3.1387'),
	('270930','8','2970','2007-09-03 12:26:12','Hum','19.2'),
	('270931','8','2970','2007-09-03 12:26:12','TmIn','49.41'),
	('270932','8','2970','2007-09-03 12:26:12','Temp','49.326'),
	('270933','8','2970','2007-09-03 12:26:12','Bar','963.97'),
	('270934','8','2970','2007-09-03 12:26:12','Lux','80.752'),
	('270935','8','2970','2007-09-03 12:26:12','AceX','1.5'),
	('270936','8','2970','2007-09-03 12:26:12','AceY','1.88'),
	('270937','8','2932','2007-09-03 12:27:19','Volt','3.0545'),
	('270938','8','2932','2007-09-03 12:27:19','Hum','17.4'),
	('270939','8','2932','2007-09-03 12:27:19','TmIn','53.14'),
	('270940','8','2932','2007-09-03 12:27:19','Temp','53.087'),
	('270941','8','2932','2007-09-03 12:27:19','Bar','955.45'),
	('270942','8','2932','2007-09-03 12:27:19','Lux','1847.1'),
	('270943','8','2932','2007-09-03 12:27:19','AceX','1.02'),
	('270944','8','2932','2007-09-03 12:27:19','AceY','2.32'),
	('270945','8','2776','2007-09-03 12:27:48','Volt','2.9889'),
	('270946','8','2776','2007-09-03 12:27:48','Hum','20.1'),
	('270947','8','2776','2007-09-03 12:27:48','TmIn','49.45'),
	('270948','8','2776','2007-09-03 12:27:48','Temp','48.871'),
	('270949','8','2776','2007-09-03 12:27:48','Bar','959.12'),
	('270950','8','2776','2007-09-03 12:27:48','Lux','80.752'),
	('270951','8','2776','2007-09-03 12:27:48','AceX','1.3'),
	('270952','8','2776','2007-09-03 12:27:48','AceY','2.24'),
	('270953','8','2962','2007-09-03 12:27:59','Volt','3.2277'),
	('270954','8','2962','2007-09-03 12:27:59','Hum','26.3'),
	('270955','8','2962','2007-09-03 12:27:59','TmIn','42.32'),
	('270956','8','2962','2007-09-03 12:27:59','Temp','42.031'),
	('270957','8','2962','2007-09-03 12:27:59','Bar','964.23'),
	('270958','8','2962','2007-09-03 12:27:59','Lux','1847.1'),
	('270959','8','2962','2007-09-03 12:27:59','AceX','0.64'),
	('270960','8','2962','2007-09-03 12:27:59','AceY','1.2'),
	('270961','8','2756','2007-09-03 12:29:19','Volt','2.9889'),
	('270962','8','2756','2007-09-03 12:29:19','Hum','16.7'),
	('270963','8','2756','2007-09-03 12:29:19','TmIn','54.01'),
	('270964','8','2756','2007-09-03 12:29:19','Temp','53.728'),
	('270965','8','2756','2007-09-03 12:29:19','Bar','962'),
	('270966','8','2756','2007-09-03 12:29:19','Lux','80.752'),
	('270967','8','2756','2007-09-03 12:29:19','AceX','1.1'),
	('270968','8','2756','2007-09-03 12:29:19','AceY','1.56'),
	('270969','8','2970','2007-09-03 12:29:30','Volt','3.1466'),
	('270970','8','2970','2007-09-03 12:29:30','Hum','22.1'),
	('270971','8','2970','2007-09-03 12:29:30','TmIn','45.98'),
	('270972','8','2970','2007-09-03 12:29:30','Temp','45.891'),
	('270973','8','2970','2007-09-03 12:29:30','Bar','964.79'),
	('270974','8','2970','2007-09-03 12:29:30','Lux','80.752'),
	('270975','8','2970','2007-09-03 12:29:30','AceX','1.52'),
	('270976','8','2970','2007-09-03 12:29:30','AceY','1.9'),
	('270977','8','2932','2007-09-03 12:30:35','Volt','3.062'),
	('270978','8','2932','2007-09-03 12:30:35','Hum','19.3'),
	('270979','8','2932','2007-09-03 12:30:35','TmIn','50.08'),
	('270980','8','2932','2007-09-03 12:30:35','Temp','49.546'),
	('270981','8','2932','2007-09-03 12:30:35','Bar','957.59'),
	('270982','8','2932','2007-09-03 12:30:35','Lux','1847.1'),
	('270983','8','2932','2007-09-03 12:30:35','AceX','1.02'),
	('270984','8','2932','2007-09-03 12:30:35','AceY','2.36');

CREATE TABLE `maintenance` (
  `id` int(20) unsigned NOT NULL auto_increment,
  `net_id` int(20) unsigned default NULL,
  `type` int(10) unsigned default NULL,
  `value` text,
  `node_id` int(20) unsigned default NULL,
  `repeat` int(10) unsigned default NULL,
  `event_id` int(20) unsigned default NULL,
  `date_time` datetime default NULL,
  `executed` datetime default NULL,
  `done` int(1) unsigned default '0',
  PRIMARY KEY  (`id`)
) TYPE=MyISAM;

CREATE TABLE `networks` (
  `id` int(20) unsigned NOT NULL auto_increment,
  `name` varchar(32) default NULL,
  `description` varchar(128) default NULL,
  `type` varchar(12) default 'WSN',
  PRIMARY KEY  (`id`)
) TYPE=MyISAM;

INSERT INTO `networks` (`id`, `name`, `description`, `type`) VALUES
	('8','Amber 960','Sensor network deployed on a Amber 960 greenhouse.','WSN');

CREATE TABLE `parameters` (
  `id` int(20) unsigned NOT NULL auto_increment,
  `net_id` int(20) unsigned default NULL,
  `parameter` varchar(32) default NULL,
  PRIMARY KEY  (`id`)
) TYPE=MyISAM;

INSERT INTO `parameters` (`id`, `net_id`, `parameter`) VALUES
	('25','8','Volt'),
	('26','8','Hum'),
	('27','8','TmIn'),
	('28','8','Temp'),
	('29','8','Bar'),
	('30','8','Lux'),
	('31','8','AceX'),
	('32','8','AceY');
